{"cameraMode":{"drawMode":0,"name":"Shaded","section":"Shading Mode"},"sceneLighting":false,"audioPlay":false,"sceneViewState":{"m_AlwaysRefresh":false,"showFog":false,"showSkybox":false,"showFlares":false,"showImageEffects":false,"showParticleSystems":false,"showVisualEffectGraphs":true,"m_FxEnabled":true},"in2DMode":false,"pivot":{"x":5.960464477539063e-8,"y":0.9245278835296631,"z":0.0628930926322937},"rotation":{"x":-0.06791985780000687,"y":0.9317318797111511,"z":-0.23871396481990815,"w":-0.26510024070739748},"size":1.6003656387329102,"orthographic":false}