{"cameraMode":{"drawMode":0,"name":"Shaded","section":"Shading Mode"},"sceneLighting":true,"audioPlay":false,"sceneViewState":{"m_AlwaysRefresh":false,"showFog":true,"showSkybox":true,"showFlares":true,"showImageEffects":true,"showParticleSystems":true,"showVisualEffectGraphs":true,"m_FxEnabled":true},"in2DMode":false,"pivot":{"x":2.061000108718872,"y":0.9245278835296631,"z":-0.044106900691986087},"rotation":{"x":0.19905494153499604,"y":-0.13998724520206452,"z":0.02874201536178589,"w":0.9695157408714294},"size":12.099359512329102,"orthographic":false}