{"cameraMode":{"drawMode":0,"name":"Shaded","section":"Shading Mode"},"sceneLighting":false,"audioPlay":false,"sceneViewState":{"m_AlwaysRefresh":false,"showFog":false,"showSkybox":false,"showFlares":false,"showImageEffects":false,"showParticleSystems":false,"showVisualEffectGraphs":true,"m_FxEnabled":true},"in2DMode":false,"pivot":{"x":5.960464477539063e-8,"y":0.9245278835296631,"z":0.0628930926322937},"rotation":{"x":-0.06847205013036728,"y":0.9315263628959656,"z":-0.25210991501808169,"w":-0.25299909710884097},"size":1.6003656387329102,"orthographic":false}